"ID","NAME"
"006280000049vBgAAI","Test Deal dm1"
"006280000049vBhAAI","Test Deal dm2"
"006280000049vBiAAI","Test Deal dm3"
"006280000049vBjAAI","Test Deal dm4"
"006280000049vBkAAI","Test Deal dm5"
"006280000049vBlAAI","Test Deal dm6"
"006280000049vBmAAI","Test Deal dm7"
"006280000049vBnAAI","Test Deal dm8"
"006280000049vBoAAI","Test Deal dm9"
"006280000049vBpAAI","Test Deal dm10"
"006280000049vBqAAI","Test Deal dm11"
"006280000049vBrAAI","Test Deal dm12"
"006280000049vBsAAI","Test Deal dm13"
"006280000049vBtAAI","Test Deal dm14"
"006280000049vBuAAI","Test Deal dm15"
"006280000049vBvAAI","Test Deal dm16"
"006280000049vBwAAI","Test Deal dm17"
"006280000049vBxAAI","Test Deal dm18"
"006280000049vByAAI","Test Deal dm19"
"006280000049vBzAAI","Test Deal dm20"
"006280000049vC0AAI","Test Deal dm21"
"006280000049vC1AAI","Test Deal dm22"
"006280000049vC2AAI","Test Deal dm23"
"006280000049vC3AAI","Test Deal dm24"
"006280000049vC4AAI","Test Deal dm25"
"006280000049vC5AAI","Test Deal dm26"
"006280000049vC6AAI","Test Deal dm27"
"006280000049vC7AAI","Test Deal dm28"
"006280000049vC8AAI","Test Deal dm29"
"006280000049vC9AAI","Test Deal dm30"
"006280000049vCAAAY","Test Deal dm31"
"006280000049vCBAAY","Test Deal dm32"
"006280000049vCCAAY","Test Deal dm33"
"006280000049vCDAAY","Test Deal dm34"
"006280000049vCEAAY","Test Deal dm35"
"006280000049vCFAAY","Test Deal dm36"
"006280000049vCGAAY","Test Deal dm37"
"006280000049vCHAAY","Test Deal dm38"
"006280000049vCIAAY","Test Deal dm39"
"006280000049vCJAAY","Test Deal dm40"
"006280000049vCKAAY","Test Deal dm41"
"006280000049vCLAAY","Test Deal dm42"
"006280000049vCMAAY","Test Deal dm43"
"006280000049vCNAAY","Test Deal dm44"
"006280000049vCOAAY","Test Deal dm45"
"006280000049vCPAAY","Test Deal dm46"
"006280000049vCQAAY","Test Deal dm47"
"006280000049vCRAAY","Test Deal dm48"
"006280000049vCSAAY","Test Deal dm49"
"006280000049vCTAAY","Test Deal dm50"
"006280000049vCUAAY","Test Deal dm51"
"006280000049vCVAAY","Test Deal dm52"
"006280000049vCWAAY","Test Deal dm53"
"006280000049vCXAAY","Test Deal dm54"
"006280000049vCYAAY","Test Deal dm55"
"006280000049vCZAAY","Test Deal dm56"
"006280000049vCaAAI","Test Deal dm57"
"006280000049vCbAAI","Test Deal dm58"
"006280000049vCcAAI","Test Deal dm59"
"006280000049vCdAAI","Test Deal dm60"
"006280000049vCeAAI","Test Deal dm61"
"006280000049vCfAAI","Test Deal dm62"
"006280000049vCgAAI","Test Deal dm63"
"006280000049vChAAI","Test Deal dm64"
"006280000049vCiAAI","Test Deal dm65"
"006280000049vCjAAI","Test Deal dm66"
"006280000049vCkAAI","Test Deal dm67"
"006280000049vClAAI","Test Deal dm68"
"006280000049vCmAAI","Test Deal dm69"
"006280000049vCnAAI","Test Deal dm70"
"006280000049vCoAAI","Test Deal dm71"
"006280000049vCpAAI","Test Deal dm72"
"006280000049vCqAAI","Test Deal dm73"
"006280000049vCrAAI","Test Deal dm74"
"006280000049vCsAAI","Test Deal dm75"
"006280000049vCtAAI","Test Deal dm76"
"006280000049vCuAAI","Test Deal dm77"
"006280000049vCvAAI","Test Deal dm78"
"006280000049vCwAAI","Test Deal dm79"
"006280000049vCxAAI","Test Deal dm80"
"006280000049vCyAAI","Test Deal dm81"
"006280000049vCzAAI","Test Deal dm82"
"006280000049vD0AAI","Test Deal dm83"
"006280000049vD1AAI","Test Deal dm84"
"006280000049vD2AAI","Test Deal dm85"
"006280000049vD3AAI","Test Deal dm86"
"006280000049vD4AAI","Test Deal dm87"
"006280000049vD5AAI","Test Deal dm88"
"006280000049vD6AAI","Test Deal dm89"
"006280000049vD7AAI","Test Deal dm90"
"006280000049vD8AAI","Test Deal dm91"
"006280000049vD9AAI","Test Deal dm92"
"006280000049vDAAAY","Test Deal dm93"
"006280000049vDBAAY","Test Deal dm94"
"006280000049vDCAAY","Test Deal dm95"
"006280000049vDDAAY","Test Deal dm96"
"006280000049vDEAAY","Test Deal dm97"
"006280000049vDFAAY","Test Deal dm98"
"006280000049vDGAAY","Test Deal dm99"
