ID	NAME	PRODUCTCODE	PriceBookID	UnitPrice	UseStandardPrice	IsActive
01t28000000f3NTAAY	Test Product1	PR001	01s28000002cbCM	10	FALSE	TRUE
01t28000000f3NUAAY	Test Product2	PR002	01s28000002cbCM	20	FALSE	TRUE
01t28000000f3NVAAY	Test Product3	PR003	01s28000002cbCM	40	FALSE	TRUE
01t28000000f3NWAAY	Test Product4	PR004	01s28000002cbCM	30	FALSE	TRUE
01t28000000f3NXAAY	Test Product5	PR005	01s28000002cbCM	20	FALSE	TRUE
01t28000000f3NYAAY	Test Product6	PR006	01s28000002cbCM	50	FALSE	TRUE
01t28000000f3NZAAY	Test Product7	PR007	01s28000002cbCM	60	FALSE	TRUE
01t28000000f3NaAAI	Test Product8	PR008	01s28000002cbCM	25	FALSE	TRUE
01t28000000f3NbAAI	Test Product9	PR009	01s28000002cbCM	23	FALSE	TRUE
01t28000000f3NcAAI	Test Product10	PR010	01s28000002cbCM	10	FALSE	TRUE
01t28000000f3NdAAI	Test Product11	PR011	01s28000002cbCM	20	FALSE	TRUE
01t28000000f3NeAAI	Test Product12	PR012	01s28000002cbCM	40	FALSE	TRUE
01t28000000f3NfAAI	Test Product13	PR013	01s28000002cbCM	30	FALSE	TRUE
01t28000000f3NgAAI	Test Product14	PR014	01s28000002cbCM	20	FALSE	TRUE
01t28000000f3NhAAI	Test Product15	PR015	01s28000002cbCM	50	FALSE	TRUE
01t28000000f3NiAAI	Test Product16	PR016	01s28000002cbCM	60	FALSE	TRUE
01t28000000f3NjAAI	Test Product17	PR017	01s28000002cbCM	25	FALSE	TRUE
01t28000000f3NkAAI	Test Product18	PR018	01s28000002cbCM	23	FALSE	TRUE
01t28000000f3NlAAI	Test Product19	PR019	01s28000002cbCM	10	FALSE	TRUE
01t28000000f3NmAAI	Test Product20	PR020	01s28000002cbCM	20	FALSE	TRUE
01t28000000f3NnAAI	Test Product21	PR021	01s28000002cbCM	40	FALSE	TRUE
01t28000000f3NoAAI	Test Product22	PR022	01s28000002cbCM	30	FALSE	TRUE
01t28000000f3NpAAI	Test Product23	PR023	01s28000002cbCM	20	FALSE	TRUE
01t28000000f3NqAAI	Test Product24	PR024	01s28000002cbCM	50	FALSE	TRUE
01t28000000f3NrAAI	Test Product25	PR025	01s28000002cbCM	60	FALSE	TRUE
01t28000000f3NsAAI	Test Product26	PR026	01s28000002cbCM	25	FALSE	TRUE
01t28000000f3NtAAI	Test Product27	PR027	01s28000002cbCM	23	FALSE	TRUE
01t28000000f3NuAAI	Test Product28	PR028	01s28000002cbCM	10	FALSE	TRUE
01t28000000f3NvAAI	Test Product29	PR029	01s28000002cbCM	20	FALSE	TRUE
01t28000000f3NwAAI	Test Product30	PR030	01s28000002cbCM	40	FALSE	TRUE
01t28000000f3NxAAI	Test Product31	PR031	01s28000002cbCM	30	FALSE	TRUE
01t28000000f3NyAAI	Test Product32	PR032	01s28000002cbCM	20	FALSE	TRUE
01t28000000f3NzAAI	Test Product33	PR033	01s28000002cbCM	50	FALSE	TRUE
01t28000000f3O0AAI	Test Product34	PR034	01s28000002cbCM	60	FALSE	TRUE
01t28000000f3O1AAI	Test Product35	PR035	01s28000002cbCM	25	FALSE	TRUE
01t28000000f3O2AAI	Test Product36	PR036	01s28000002cbCM	23	FALSE	TRUE
01t28000000f3O3AAI	Test Product37	PR037	01s28000002cbCM	10	FALSE	TRUE
01t28000000f3O4AAI	Test Product38	PR038	01s28000002cbCM	20	FALSE	TRUE
01t28000000f3O5AAI	Test Product39	PR039	01s28000002cbCM	40	FALSE	TRUE
